16.03.2023 19:43:00;Aasфывфdasфыв;sadsa
17.03.2023 19:39:55;Aasdsad;sadasd
19.03.2023 19:48:42;Aregedgd;saыфвdas
20.03.2023 20:35:57;Sadsaвафваф;dadasdыапф
20.03.2023 23:13:57;Фssdadas;фыв2131ф
21.03.2023 19:39:47;Aasвфыad;saфывa
21.03.2023 19:40:06;Aasdsad;asdsad
21.03.2023 20:06:02;Swegfweg;ersgsgrws
22.03.2023 19:44:38;Aasdasd;wsфывфы4wsf
23.03.2023 19:45:00;Aasdas;asfфывadas
26.03.2023 14:24:49;Цырцыркр;цыркцыар
23.03.2023 19:56:59;Adrehyde;asdфывasdsa
23.03.2023 20:08:23;Ыфвыф;ыфвфыв
23.03.2023 20:56:54;Asdawef;feawfeqaqf
24.03.2023 19:40:38;Sasdasd;saфывdsad
24.03.2023 19:41:37;Wasdasd;qweqw
24.03.2023 19:41:51;Sasdasd;qwфвdsa
24.03.2023 21:03:29;Цыупыцф;цыпуыцыууквот
25.03.2023 19:44:28;Adadsa;adasd
25.03.2023 19:49:04;Aytrdtfdfr;sфывadas
25.03.2023 20:41:28;В2в32в2232й2;й2цаку3а2йу3ц2
26.03.2023 14:08:26;Пмфцырифцыуааqafaawfaa;фпфЙпамфйпdafqagwaqf
26.03.2023 14:14:36;Цыупы;цыфупыцфп
